{"cameraMode":{"drawMode":0,"name":"Shaded","section":"Shading Mode"},"sceneLighting":true,"audioPlay":false,"sceneViewState":{"showFog":false,"showMaterialUpdate":false,"showSkybox":false,"showFlares":false,"showImageEffects":false,"showParticleSystems":false},"in2DMode":false,"pivot":{"x":0.8958234786987305,"y":0.10596656799316406,"z":-0.6641569137573242},"rotation":{"x":-0.3006683886051178,"y":0.693572998046875,"z":-0.40619927644729617,"w":-0.5133830308914185},"size":11.043498992919922,"orthographic":false}